{
  "language": "javascript",
  "timestamp": 1768610535.415,
  "benchmarks": {
    "Basic Computation (n=1)": {
      "mean_seconds": 8.152129999999995e-7,
      "median_seconds": 5.27e-7,
      "stdev_seconds": 0.0000018171383958386376,
      "ops_per_second": 1226673.2743467053
    },
    "Basic Computation (n=10)": {
      "mean_seconds": 0.0000022107579999999993,
      "median_seconds": 0.000001689,
      "stdev_seconds": 0.000004569482243037611,
      "ops_per_second": 452333.54351765336
    },
    "Basic Computation (n=20)": {
      "mean_seconds": 0.0000016069729999999993,
      "median_seconds": 6.06e-7,
      "stdev_seconds": 0.000029027511519044636,
      "ops_per_second": 622287.9911485759
    },
    "Evolution (10 steps)": {
      "mean_seconds": 0.000016515939999999998,
      "median_seconds": 0.000010056,
      "stdev_seconds": 0.000032669738354269085,
      "ops_per_second": 60547.56798583672
    },
    "Evolution (100 steps)": {
      "mean_seconds": 0.00029123690000000004,
      "median_seconds": 0.000055209,
      "stdev_seconds": 0.0003770610831137178,
      "ops_per_second": 3433.6308345542748
    },
    "Fibonacci Generation (n=12)": {
      "mean_seconds": 7.370020000000005e-7,
      "median_seconds": 6.03e-7,
      "stdev_seconds": 0.0000020576772905380466,
      "ops_per_second": 1356848.4210354916
    },
    "Fibonacci Generation (n=50)": {
      "mean_seconds": 0.0000012481579999999905,
      "median_seconds": 3.44e-7,
      "stdev_seconds": 0.000005199832072388101,
      "ops_per_second": 801180.6197612863
    },
    "State Access": {
      "mean_seconds": 0.0000017009040000000006,
      "median_seconds": 0.000001241,
      "stdev_seconds": 0.000007988347465576584,
      "ops_per_second": 587922.6575985474
    },
    "Contradiction Resolution": {
      "mean_seconds": 0.000018809819999999982,
      "median_seconds": 0.000013439,
      "stdev_seconds": 0.000032955357757845686,
      "ops_per_second": 53163.71980167811
    }
  }
}