{
  "language": "python",
  "timestamp": 1768610535.3373473,
  "benchmarks": {
    "Basic Computation (n=1)": {
      "mean_seconds": 1.5117820004206806e-06,
      "median_seconds": 1.2474999948608456e-06,
      "stdev_seconds": 5.235139102812417e-06,
      "ops_per_second": 661471.0320150206
    },
    "Basic Computation (n=10)": {
      "mean_seconds": 1.5758680013959747e-06,
      "median_seconds": 1.4889999420120148e-06,
      "stdev_seconds": 5.82033346855757e-07,
      "ops_per_second": 634570.9152759971
    },
    "Basic Computation (n=20)": {
      "mean_seconds": 1.8044719985255142e-06,
      "median_seconds": 1.720000000204891e-06,
      "stdev_seconds": 5.632773699046426e-07,
      "ops_per_second": 554178.7297431763
    },
    "Evolution (10 steps)": {
      "mean_seconds": 8.329040006174183e-06,
      "median_seconds": 8.196000067073328e-06,
      "stdev_seconds": 9.392635500854442e-07,
      "ops_per_second": 120061.85577914336
    },
    "Evolution (100 steps)": {
      "mean_seconds": 0.00017894249998562373,
      "median_seconds": 0.0001780589999498261,
      "stdev_seconds": 2.4213691802582496e-06,
      "ops_per_second": 5588.387331574892
    },
    "Fibonacci Generation (n=12)": {
      "mean_seconds": 1.3651609991711667e-06,
      "median_seconds": 1.346999965790019e-06,
      "stdev_seconds": 3.152266827617098e-07,
      "ops_per_second": 732514.3339189533
    },
    "Fibonacci Generation (n=50)": {
      "mean_seconds": 3.179191001663639e-06,
      "median_seconds": 3.086999981860572e-06,
      "stdev_seconds": 6.541388014840399e-07,
      "ops_per_second": 314545.4297891224
    },
    "State Access": {
      "mean_seconds": 3.337067999609644e-06,
      "median_seconds": 3.208500004348025e-06,
      "stdev_seconds": 7.583516252387062e-07,
      "ops_per_second": 299664.2562024435
    },
    "Contradiction Resolution": {
      "mean_seconds": 3.2406740001533765e-05,
      "median_seconds": 3.1224499991822086e-05,
      "stdev_seconds": 3.348421940980719e-06,
      "ops_per_second": 30857.77834958627
    }
  }
}